{
  "threshold": 0.22792276740074158,
  "calibration": {
    "a": 2.3138272762298584,
    "b": -3.5044748783111572
  }
}