{
  "threshold": 0.13415901362895966,
  "calibration": {
    "a": 1.6847026348114014,
    "b": -6.484853267669678
  }
}