{
  "threshold": 0.1254809945821762,
  "calibration": {
    "a": 1.6903308629989624,
    "b": -6.0424933433532715
  }
}