{
  "threshold": 0.16236357390880585,
  "calibration": {
    "a": 1.8041223287582397,
    "b": -6.887266159057617
  }
}